,x,y
0,1.2749736,13.188268
1,0.5877757,18.862816
2,-0.63025594,17.23096
3,-1.433092,21.183031
4,0.7337518,11.557523
5,-0.63853383,16.852676
6,-3.073468,10.492851
7,0.08909774,1.5344191
8,-2.634833,23.56332
9,0.074507,1.0814657
10,0.04915881,0.47565174
11,2.8588989,11.85252
12,1.4768808,22.075857
13,-0.82509136,6.135754
14,1.8943613,5.711714
15,-1.5532414,21.85822
16,2.9849894,8.954605
17,-0.33502078,15.203777
18,1.7795722,11.319472
19,-2.538046,26.15731
20,-2.0525603,4.753379
21,-0.7437544,10.945492
22,-2.317073,19.459518
23,3.109422,11.940277
24,-1.694392,16.294258
25,0.19101048,6.414344
26,1.6721356,17.495556
27,0.69814134,13.688425
28,-2.0905046,5.943967
29,-2.0319004,4.328822
30,0.7885916,8.220784
31,-3.0089455,9.069544
32,-1.299378,14.741365
33,1.2623885,12.371231
34,1.270663,12.909238
35,-1.0382328,1.3650808
36,1.7858088,10.958115
37,-2.1791646,10.443537
38,-0.788713,8.213575
39,-3.1078534,11.868357
40,3.095361,11.323225
41,1.5659792,21.605227
42,-1.1530337,5.6069045
43,-2.4941401,26.213959
44,0.9302666,1.8100033
45,-1.0776765,2.328927
46,-1.0890896,2.712327
47,1.4559634,21.739477
48,1.584429,21.136042
49,-2.2022996,11.89769
50,-2.146471,8.55156
51,1.5014064,22.25383
52,-2.582402,25.358166
53,0.79853296,7.6352797
54,1.7272208,14.409668
55,1.9074738,5.2812824
56,1.4680264,21.953983
57,-1.4880756,22.186314
58,-0.10637617,2.1630578
59,-0.2635274,10.918375
60,-0.35053968,16.02813
61,-0.2768128,11.7533655
62,-0.26656651,11.110084
63,0.87163997,3.8395348
64,-0.507844,20.245764
65,-1.5029811,22.257198
66,-2.9088206,10.057898
67,0.8203449,6.3955717
68,-1.9699864,4.058132
69,-3.081448,10.77645
70,-1.1186666,3.9046373
71,-2.4068475,24.128412
72,-2.588213,25.201754
73,-2.507382,26.276209
74,0.3712027,17.038155
75,0.074924946,1.0934086
76,-2.6226935,24.05131
77,-0.68039536,14.69824
78,2.1100576,6.7495193
79,-2.2689824,16.33816
80,-0.46147323,19.921394
81,-0.22712421,8.619202
82,-2.0865288,5.795477
83,0.3039856,13.41975
84,-1.8767323,6.3745065
85,2.1796744,10.474686
86,-0.47484374,20.100819
87,2.6342065,23.589474
88,0.6285875,17.30502
89,-2.5961914,24.96871
90,-0.95153165,1.36555
91,0.46909714,20.032137
92,1.8207605,9.014185
93,-2.651522,22.830791
94,1.0060456,1.0193415
95,-0.06761646,0.8935528
96,-0.050141573,0.4947014
97,2.8781946,11.072435
98,-0.4642086,19.96369
99,2.430493,24.96872
100,-1.587022,21.060696
101,0.33537865,15.223357
102,2.6150248,24.338436
103,1.2942016,14.416667
104,-2.9922829,8.965509
105,0.32201242,14.475552
106,0.1195786,2.7065144
107,-0.6683583,15.35437
108,2.925121,9.642817
109,2.9242346,9.663015
110,0.8514271,4.7747703
111,-1.157117,5.828598
112,2.1711662,9.96077
113,2.0807354,5.588749
114,-1.261187,12.292913
115,-2.4999971,26.249985
116,-1.309392,15.3602085
117,1.5486152,21.935299
118,-2.9023068,10.248877
119,-3.1398017,13.474525
120,-0.948215,1.4238005
121,1.9604542,4.15049
122,-1.2028278,8.526084
123,-0.5636132,19.529463
124,-1.9947492,3.9844666
125,0.019567251,0.07586479
126,-1.9950496,3.9850597
127,-1.7583975,12.56458
128,0.7359774,11.42159
129,2.7871745,15.45377
130,-2.758223,17.091349
131,-1.7590655,12.525012
132,-0.9846935,1.0158329
133,-1.1979653,8.223621
134,-0.110541105,2.3288035
135,-3.116494,12.2738285
136,-0.9591031,1.2482157
137,-0.96166134,1.2135286
138,-0.5595989,19.620163
139,1.0723126,2.1644049
140,2.000799,4.0033226
141,-0.83147454,5.79283
142,-2.3170362,19.457222
143,1.6218913,19.83836
144,-0.8901303,3.081984
145,0.14866877,4.076787
146,0.8542805,4.6365075
147,-0.2629316,10.880754
148,-2.6314702,23.70247
149,-0.3347652,15.189779
150,0.12257242,2.8369284
151,2.8386204,12.772879
152,1.291055,14.217869
153,2.4040372,24.01605
154,-2.5561857,25.917393
155,-1.1932817,7.935161
156,1.6743219,17.38118
157,0.5185623,20.20097
158,-2.534234,26.191895
159,1.5381625,22.079842
160,-2.8417194,12.626204
161,-0.57680035,19.19084
162,2.4657218,25.848747
163,2.8921359,10.574471
164,-2.301844,18.498629
165,1.5607564,21.716122
166,-1.1364958,4.749298
167,-0.4094081,18.590908
168,0.9942949,0.9950466
169,1.7438471,13.4275
170,1.6946385,16.280539
171,1.7334182,14.044719
172,-0.13728642,3.5141692
173,-0.8676758,4.0145698
174,0.4242239,19.067787
175,0.92958045,1.8271036
176,-2.29523,18.071863
177,-0.99699616,0.99578285
178,-1.2561625,11.965052
179,0.041601658,0.34141636
180,-0.99838996,0.9972935
181,0.634073,17.058743
182,2.7710855,16.357948
183,2.6721518,21.839016
184,1.2320602,10.39317
185,-1.3343405,16.835165
186,-1.1423738,5.046405
187,0.34206915,15.584593
188,2.8100836,14.210434
189,-2.8116405,14.128426
190,1.5671504,21.579012
191,-1.4686601,21.963713
192,-1.0940788,2.8938084
193,1.4995191,22.248512
194,-0.94730854,1.440443
195,0.32977486,14.913887
196,-1.5419623,22.032082
197,3.1113164,12.0281515
198,-1.9825253,3.9906225
199,0.42310452,19.034382
200,1.5454271,21.98376
201,-0.9570708,1.2775602
202,2.760784,16.944866
203,-0.8789103,3.5298357
204,-1.4262244,20.978844
205,-2.6017644,24.793688
206,0.5509958,19.79464
207,-0.20110536,7.0164
208,-2.6499264,22.903704
209,2.830362,13.173487
210,-1.6056042,20.456186
211,-1.5633587,21.662106
212,0.2293129,8.756433
213,-1.2807695,13.561651
214,-2.6971667,20.533686
215,-1.6847574,16.823872
216,-2.9586625,9.089094
217,0.36341238,16.670034
218,2.411022,24.290539
219,-1.5551491,21.82412
220,-3.0859962,10.9479885
221,0.76297426,9.767836
222,-0.46648216,19.996666
223,-1.7456174,13.322513
224,-2.2279487,13.582657
225,0.19593906,6.7065873
226,2.023452,4.2027273
227,0.019276619,0.07363129
228,0.69784737,13.705505
229,-1.8011029,10.087967
230,-3.0348077,9.448262
231,2.1434853,8.390539
232,-1.4534941,21.688755
233,1.545635,21.980717
234,2.8287323,13.254144
235,-0.6530819,16.146618
236,0.55736613,19.668066
237,-1.2879237,14.019079
238,1.88988,5.8713236
239,-0.067973375,0.9028683
240,0.88777566,3.1728477
241,0.13192654,3.2606726
242,-1.923415,4.8351135
243,-1.8135998,9.398552
244,-2.045919,4.5991163
245,-1.0437922,1.4656706
246,-3.084599,10.894534
247,1.2882178,14.037792
248,-2.1873388,10.948269
249,0.84311223,5.1884985
250,-1.2559876,11.953634
251,0.9878695,1.0049181
252,-0.02090764,0.08659935
253,2.1778824,10.365374
254,-0.020758867,0.085372925
255,-2.1214561,7.273825
256,0.7854848,8.405836
257,-2.9781544,8.963456
258,-2.579732,25.426182
259,1.7458613,13.3080435
260,-0.93271923,1.7502728
261,2.281154,17.148651
262,-0.6512947,16.236029
263,2.005791,4.0298166
264,-3.1255362,12.721769
265,1.6812184,17.014894
266,3.0976589,11.41974
267,0.93749356,1.640254
268,3.0736425,10.498814
269,1.9302104,4.6718206
270,1.9798481,3.9998512
271,2.1375744,8.078303
272,2.4810655,26.085001
273,0.03188634,0.20104218
274,1.4671648,21.94051
275,1.3667986,18.565607
276,0.4782791,20.135767
277,-0.97327185,1.0879421
278,-0.99217296,0.9964981
279,1.3109958,15.458064
280,-1.4282275,21.040129
281,2.3757436,22.748188
282,-1.740608,13.619492
283,-1.3541331,17.919619
284,0.67886734,14.782938
285,2.940585,9.335808
286,3.0733035,10.487241
287,-1.8495386,7.5664196
288,2.2814767,17.170017
289,1.4324334,21.164173
290,1.0883524,2.6862183
291,1.1090224,3.4857926
292,0.16083884,4.7121773
293,-2.9820156,8.956194
294,0.040742636,0.3275385
295,-1.4023536,20.142803
296,2.563563,25.784885
297,-1.6384634,19.132895
298,-0.9830682,1.0229588
299,2.0323036,4.335535
300,-0.32169747,14.457542
301,0.9913919,0.9974804
302,-0.040705442,0.3269434
303,2.2108247,12.451075
304,-1.9337155,4.594061
305,-2.2554765,15.4312105
306,1.5928633,20.882729
307,-2.4589798,25.716274
308,1.1309631,4.477845
309,-0.9128351,2.2958832
310,-1.6072243,20.398289
311,-1.4041734,20.213203
312,0.0033881664,0.0022773743
313,0.30009365,13.1858225
314,-2.7546263,17.297335
315,0.7413969,11.089953
316,1.811794,9.49678
317,0.07359481,1.0556154
318,3.0360806,9.473655
319,-3.1301706,12.960318
